Tag,Summit,Main_Bucket,Personality_Bucket,
360 Health,360 Health,Health,Targeted Health Solutions & Disease Management,
OLD-2008-HEALTH LIST-ACTIVE,360 Health,Health,Targeted Health Solutions & Disease Management,
7 Fig Chiro,7 Figure Chiropractor,Health,Entrepreneurship & Business Development,
7-Figure Chiropractor Attendee,7 Figure Chiropractor,Health,Entrepreneurship & Business Development,
7-Figure Chiropractor Attendee (RL),7 Figure Chiropractor,Health,Entrepreneurship & Business Development,
7-Figure Chiropractor JV,7 Figure Chiropractor,Health,Entrepreneurship & Business Development,
7-Figure Chiropractor VIP Buyer,7 Figure Chiropractor,Health,Entrepreneurship & Business Development,
7-Figure Chiropractor VIP Buyer (2024),7 Figure Chiropractor,Health,Entrepreneurship & Business Development,
Chiro Success Summit,7 Figure Chiropractor,Health,Entrepreneurship & Business Development,
2024 Acquisition Attendee,Acquisition & Exit Summit,Biz,Entrepreneurship & Business Development,
Acquisition Attendee,Acquisition & Exit Summit,Biz,Entrepreneurship & Business Development,
Acquisition Summit Buyer,Acquisition & Exit Summit,Biz,Entrepreneurship & Business Development,
Acquisition Summit JV,Acquisition & Exit Summit,Biz,Entrepreneurship & Business Development,
Affiliate Fest Attendee,AffiliateFEST,Biz,Entrepreneurship & Business Development,
Affiliate Fest JV,AffiliateFEST,Biz,Entrepreneurship & Business Development,
Affiliate Fest VIP Buyer,AffiliateFEST,Biz,Entrepreneurship & Business Development,
2024 RL AI Mastery Attendee,AI Mastery,Biz,Digital Marketing & Content Creation Skills,
2024 RL AI Mastery Buyer,AI Mastery,Biz,Digital Marketing & Content Creation Skills,
AI MASTERY,AI Mastery,Biz,Digital Marketing & Content Creation Skills,
AI Mastery Attendee,AI Mastery,Biz,Digital Marketing & Content Creation Skills,
AI Mastery VIP Buyer,AI Mastery,Biz,Digital Marketing & Content Creation Skills,
April 2024 AI Mastery Attendee FB,AI Mastery,Biz,Digital Marketing & Content Creation Skills,
April 2024 AI Mastery Buyer FB,AI Mastery,Biz,Digital Marketing & Content Creation Skills,
AI Accelerator,AI Mastery,Biz,Digital Marketing & Content Creation Skills,
AIO Certification Buyer,AI Mastery,Biz,Digital Marketing & Content Creation Skills,
AI Mastery Affiliate,AI Mastery,Biz,Entrepreneurship & Business Development,
AI Business Scaling Accelerator Buyer,AI Mastery,Biz,Entrepreneurship & Business Development,
Autoimmune Supertools,Autoimmune Supertools,Health,Targeted Health Solutions & Disease Management,
Beyond the cancer,Beyond The Cancer,Health,Targeted Health Solutions & Disease Management,
Biohacker Live,Biohacker LIVE,Health,Holistic Wellness & Natural Living,
Blood Sugar Freedom JV,Blood Sugar Freedom,Health,Entrepreneurship & Business Development,
Blood Sugar Freedom Attendee,Blood Sugar Freedom,Health,Targeted Health Solutions & Disease Management,
Blood Sugar Freedom VIP Buyer,Blood Sugar Freedom,Health,Targeted Health Solutions & Disease Management,
Brain Regeneration,Brain Regeneration Summit,Health,Longevity & Regenerative Health,
Breathwork Blueprint,Breathwork Blueprint,Health,Mental & Emotional Well-being,
Breathwork Blueprint Legend Buyer,Breathwork Blueprint,Health,Mental & Emotional Well-being,
Breathwork Lifestyle Core Offer Buyer,Breathwork Blueprint,Health,Mental & Emotional Well-being,
Breathwork Summit JV,Breathwork Summit,Health,Entrepreneurship & Business Development,
2024 Breathwork Summit Free Registrant,Breathwork Summit,Health,Mental & Emotional Well-being,
2024 Breathwork Summit VIP Buyer,Breathwork Summit,Health,Mental & Emotional Well-being,
Breathwork Summit Free Registrant,Breathwork Summit,Health,Mental & Emotional Well-being,
Breathwork Summit VIP Buyer,Breathwork Summit,Health,Mental & Emotional Well-being,
BUSINESS LIST,Business List (MARK),Biz,Entrepreneurship & Business Development,
Business Affiliates,Business List (MARK),Biz,Entrepreneurship & Business Development,
CAREGIVER,Caregiver Conference,Health,Targeted Health Solutions & Disease Management,
CoachingFEST Attendee,CoachingFEST,Biz,Entrepreneurship & Business Development,
CoachingFEST JV,CoachingFEST,Biz,Entrepreneurship & Business Development,
CoachingFEST Summit Refund,CoachingFEST,Biz,Entrepreneurship & Business Development,
CoachingFEST VIP Buyer,CoachingFEST,Biz,Entrepreneurship & Business Development,
CoachingFest Referral Club Network,CoachingFEST,Biz,Entrepreneurship & Business Development,
2021 Common Sense JV,Common Sense (survivalist),Survivalist,Entrepreneurship & Business Development,
2025 Common Sense JV,Common Sense (survivalist),Survivalist,Entrepreneurship & Business Development,
2021 Common Sense Reg,Common Sense (survivalist),Survivalist,Self-Reliance & Preparedness,
2021 Common Sense VIP,Common Sense (survivalist),Survivalist,Self-Reliance & Preparedness,
2025 Common Sense Attendee,Common Sense (survivalist),Survivalist,Self-Reliance & Preparedness,
2025 Common Sense Buyer,Common Sense (survivalist),Survivalist,Self-Reliance & Preparedness,
Common Sense REG 0424,Common Sense (survivalist),Survivalist,Self-Reliance & Preparedness,
Common Sense VIP 0424,Common Sense (survivalist),Survivalist,Self-Reliance & Preparedness,
COPYWRITING SUMMIT,Copywriting Summit,Biz,Digital Marketing & Content Creation Skills,
Copywriting Summit Attendee,Copywriting Summit,Biz,Digital Marketing & Content Creation Skills,
Copywriting Summit Attendee (June 2024 RL),Copywriting Summit,Biz,Digital Marketing & Content Creation Skills,
Copywriting Summit VIP Buyer,Copywriting Summit,Biz,Digital Marketing & Content Creation Skills,
Copywriting Summit VIP Buyer (2024),Copywriting Summit,Biz,Digital Marketing & Content Creation Skills,
Write Killer Copy Fast BONUS Buyer,Copywriting Summit,Biz,Digital Marketing & Content Creation Skills,
Write Killer Copy Fast BONUS Buyer (2024),Copywriting Summit,Biz,Digital Marketing & Content Creation Skills,
Copywriting Summit JV,Copywriting Summit,Biz,Entrepreneurship & Business Development,
Diabetes Masterclass Registrant,Diabetes Free,Health,Targeted Health Solutions & Disease Management,
DOG SUMMIT JV,Dog Summit,Health,Entrepreneurship & Business Development,
Dog Training Summit Affiliate,Dog Summit,Health,Entrepreneurship & Business Development,
DOG SUMMIT BUYER,Dog Summit,Health,Targeted Health Solutions & Disease Management,
Dog Summit Interested,Dog Summit,Health,Targeted Health Solutions & Disease Management,
Dog Summit Registration,Dog Summit,Health,Targeted Health Solutions & Disease Management,
doTERRA Lead Google,doTERRA Leadership Summit,Health,Digital Marketing & Content Creation Skills,
doTERRA Builder,doTERRA Leadership Summit,Health,Entrepreneurship & Business Development,
doTERRA Leadership Summit Buyer,doTERRA Leadership Summit,Health,Entrepreneurship & Business Development,
doTERRA Leadership Summit Registeration,doTERRA Leadership Summit,Health,Entrepreneurship & Business Development,
doTERRA Team,doTERRA Leadership Summit,Health,Entrepreneurship & Business Development,
Sept doTERRA Promo,doTERRA Leadership Summit,Health,Holistic Wellness & Natural Living,
doTERRA,doTERRA Leadership Summit,Health,Holistic Wellness & Natural Living,
doTERRA Customer,doTERRA Leadership Summit,Health,Holistic Wellness & Natural Living,
doTERRA Detox Webinar Attendee,doTERRA Leadership Summit,Health,Holistic Wellness & Natural Living,
doTERRA Detox Webinar Buyer,doTERRA Leadership Summit,Health,Holistic Wellness & Natural Living,
doTERRA Detox Webinar Non Buyer,doTERRA Leadership Summit,Health,Holistic Wellness & Natural Living,
doTERRA Import 8/26/2018,doTERRA Leadership Summit,Health,Holistic Wellness & Natural Living,
doTERRA Oil User,doTERRA Leadership Summit,Health,Holistic Wellness & Natural Living,
doTERRA Preferred Member,doTERRA Leadership Summit,Health,Holistic Wellness & Natural Living,
doTERRA Update 12.01.2018,doTERRA Leadership Summit,Health,Holistic Wellness & Natural Living,
doterra-2018-10-30,doTERRA Leadership Summit,Health,Holistic Wellness & Natural Living,
doTERRA Exclude for Email,doTERRA Leadership Summit,Health,To Be Classified,
ELITE BUSINESS INSIDER,Elite Business Insider,Biz,Entrepreneurship & Business Development,
CEMPROTEC 33 EMF Meter Buyer,EMF Hazards,Health,Holistic Wellness & Natural Living,
EMF,EMF Hazards,Health,Holistic Wellness & Natural Living,
EMF Masterclass Attendee,EMF Hazards,Health,Holistic Wellness & Natural Living,
EMF Masterclass Buyer,EMF Hazards,Health,Holistic Wellness & Natural Living,
EMF OTO 1 August 2024 Buyer,EMF Hazards,Health,Holistic Wellness & Natural Living,
EMF Registration,EMF Hazards,Health,Holistic Wellness & Natural Living,
EMF2,EMF Hazards,Health,Holistic Wellness & Natural Living,
EMFHMB Attendee August 2024,EMF Hazards,Health,Holistic Wellness & Natural Living,
EMFHMB CEM33 Buyer,EMF Hazards,Health,Holistic Wellness & Natural Living,
EMFHMB EPF Buyer,EMF Hazards,Health,Holistic Wellness & Natural Living,
EMFHMB QS Buyer,EMF Hazards,Health,Holistic Wellness & Natural Living,
EMFHMB Registration,EMF Hazards,Health,Holistic Wellness & Natural Living,
EMFHMB VIP Buyer,EMF Hazards,Health,Holistic Wellness & Natural Living,
EMFHMB VIP Buyer (August 2024 RL),EMF Hazards,Health,Holistic Wellness & Natural Living,
EMFMC QS Guide Buyer,EMF Hazards,Health,Holistic Wellness & Natural Living,
EMFMC QS Guide Buyer (August 2024 RL),EMF Hazards,Health,Holistic Wellness & Natural Living,
Energy Blueprint JV,ENERGY BLUEPRINT,Health,Entrepreneurship & Business Development,
Energy Blueprint September JV,ENERGY BLUEPRINT,Health,Entrepreneurship & Business Development,
2024 Energy Blueprint Attendee,ENERGY BLUEPRINT,Health,Holistic Wellness & Natural Living,
2024 Energy Blueprint VIP Buyer,ENERGY BLUEPRINT,Health,Holistic Wellness & Natural Living,
ENERGY BLUEPRINT,ENERGY BLUEPRINT,Health,Holistic Wellness & Natural Living,
Energy Blueprint Attendee,ENERGY BLUEPRINT,Health,Holistic Wellness & Natural Living,
Energy Blueprint REG 0408,ENERGY BLUEPRINT,Health,Holistic Wellness & Natural Living,
Energy Blueprint September Attendee,ENERGY BLUEPRINT,Health,Holistic Wellness & Natural Living,
Energy Blueprint September VIP Buyer,ENERGY BLUEPRINT,Health,Holistic Wellness & Natural Living,
Energy Blueprint VIP 0408,ENERGY BLUEPRINT,Health,Holistic Wellness & Natural Living,
Energy Blueprint VIP Buyer,ENERGY BLUEPRINT,Health,Holistic Wellness & Natural Living,
EPIK SUMMIT,EPIK SUMMIT,Biz,Digital Marketing & Content Creation Skills,
Epik Summit VIP Buyer,EPIK SUMMIT,Biz,Digital Marketing & Content Creation Skills,
2020 EO SUMMIT AFFILIATE,Essential Oil Summit,Health,Entrepreneurship & Business Development,
EO Book: Basil,Essential Oil Summit,Health,Holistic Wellness & Natural Living,
EO Book: Black Pepper,Essential Oil Summit,Health,Holistic Wellness & Natural Living,
EO Newsletter,Essential Oil Summit,Health,Holistic Wellness & Natural Living,
EO Summit Registration,Essential Oil Summit,Health,Holistic Wellness & Natural Living,
EOK UPGRADE,Essential Oil Summit,Health,Holistic Wellness & Natural Living,
Essential Oils,Essential Oil Summit,Health,Holistic Wellness & Natural Living,
Every Oil Kit,Essential Oil Summit,Health,Holistic Wellness & Natural Living,
FREE EO BOOKS(5),Essential Oil Summit,Health,Holistic Wellness & Natural Living,
Family Physician Kit,Essential Oil Summit,Health,Holistic Wellness & Natural Living,
Free EO Class,Essential Oil Summit,Health,Holistic Wellness & Natural Living,
Free Lemon Oil,Essential Oil Summit,Health,Holistic Wellness & Natural Living,
Free Melaleuca Oil,Essential Oil Summit,Health,Holistic Wellness & Natural Living,
Free Oils Book,Essential Oil Summit,Health,Holistic Wellness & Natural Living,
Free Oregano Oil,Essential Oil Summit,Health,Holistic Wellness & Natural Living,
Free Peppermint Oil,Essential Oil Summit,Health,Holistic Wellness & Natural Living,
Free TerraShield Essential Oil,Essential Oil Summit,Health,Holistic Wellness & Natural Living,
HEK UPGRADE,Essential Oil Summit,Health,Holistic Wellness & Natural Living,
Home Essential Kit,Essential Oil Summit,Health,Holistic Wellness & Natural Living,
Lavender Sample Order Step 1,Essential Oil Summit,Health,Holistic Wellness & Natural Living,
OILS CLASS FEK ORDER,Essential Oil Summit,Health,Holistic Wellness & Natural Living,
OILS CLASS HEK ORDER,Essential Oil Summit,Health,Holistic Wellness & Natural Living,
OILS CLASS OEK ORDER,Essential Oil Summit,Health,Holistic Wellness & Natural Living,
Premium Essential Oils Kit,Essential Oil Summit,Health,Holistic Wellness & Natural Living,
SUMMIT: EO BUYER,Essential Oil Summit,Health,Holistic Wellness & Natural Living,
WEBINAR EO GENERAL,Essential Oil Summit,Health,Holistic Wellness & Natural Living,
WEBINAR EO QUESTION SUBMITTED,Essential Oil Summit,Health,Holistic Wellness & Natural Living,
doTERRA EOK UPGRADE YES,Essential Oil Summit,Health,Holistic Wellness & Natural Living,
doTERRA HE Kit Order,Essential Oil Summit,Health,Holistic Wellness & Natural Living,
free oil offer,Essential Oil Summit,Health,Holistic Wellness & Natural Living,
Fitness Mastery Summit Affiliate,Fitness Mastery Summit,Biz,Entrepreneurship & Business Development,
Full Potential Parenting Summit,Full Potential Parenting Summit,Health,Mental & Emotional Well-being,
SENSE of Regulation Parent Empowerment Program Buyer,Full Potential Parenting Summit,Health,Mental & Emotional Well-being,
Future Of Crypto Affiliate,FUTURE OF CRYPTO,Biz,Entrepreneurship & Business Development,
FUTURE OF CRYPTO,FUTURE OF CRYPTO,Biz,Investing Finance & Wealth Creation,High
Future Of Crypto Attendee,FUTURE OF CRYPTO,Biz,Investing Finance & Wealth Creation,High
Future Of Crypto Buyer,FUTURE OF CRYPTO,Biz,Investing Finance & Wealth Creation,High
2021 GCS Attendee,Global Charity Summit,Health,Entrepreneurship & Business Development,
GOLD SUMMIT,GOLD SUMMIT,Biz,Entrepreneurship & Business Development,
GOLD SUMMIT BUYER,GOLD SUMMIT,Biz,Entrepreneurship & Business Development,
GOLD SUMMIT JV,GOLD SUMMIT,Biz,Entrepreneurship & Business Development,
GOLD SUMMIT REGISTRATION,GOLD SUMMIT,Biz,Entrepreneurship & Business Development,
Got Mold Summit JV,GOT MOLD,Health,Entrepreneurship & Business Development,
GOT MOLD,GOT MOLD,Health,Holistic Wellness & Natural Living,
Got Mold Summit Attendee,GOT MOLD,Health,Holistic Wellness & Natural Living,
Got Mold Summit VIP Buyer,GOT MOLD,Health,Holistic Wellness & Natural Living,
Got Mold Summit opt in (YouTube),GOT MOLD,Health,Holistic Wellness & Natural Living,
Mold Pro Toolkit Buyer,GOT MOLD,Health,Holistic Wellness & Natural Living,
Green Plant Summit VIP Pass,Green plant summit,Health,Holistic Wellness & Natural Living,
Green plant summit,Green plant summit,Health,Holistic Wellness & Natural Living,
Growth Hacking Summit Attendee,Growth Hacking Summit,Biz,Digital Marketing & Content Creation Skills,
Growth Hacking Summit VIP Buyer,Growth Hacking Summit,Biz,Digital Marketing & Content Creation Skills,
Growth Hacking Summit JV,Growth Hacking Summit,Biz,Entrepreneurship & Business Development,
GUT HEALTH SUMMIT,GUT HEALTH,Health,Holistic Wellness & Natural Living,
(FB) HVWS JV,Happy Vagina Rally,Health,Entrepreneurship & Business Development,
(FB) HVWS Attendee,Happy Vagina Rally,Health,Women's Health & Community,
(FB) HVWS Interested,Happy Vagina Rally,Health,Women's Health & Community,
(FB) HVWS VIP Buyer,Happy Vagina Rally,Health,Women's Health & Community,
HVR 2022 Summit VIP Pass,Happy vagine,Health,Women's Health & Community,
HVR 2023 Buyer,Happy vagine,Health,Women's Health & Community,
Happy bobs and vagine,Happy vagine,Health,Women's Health & Community,
HCMS 2023 JV,Health Coaching Mastery Summit,Biz,Entrepreneurship & Business Development,
HCMS 2023 Registrant,Health Coaching Mastery Summit,Biz,Targeted Health Solutions & Disease Management,
HCSS JV Membership,Health Coaching Summit,Biz,Entrepreneurship & Business Development,
HEALTH COACH JV,Health Coaching Summit,Biz,Entrepreneurship & Business Development,
HEALTH COACH 2016 BUYER,Health Coaching Summit,Biz,Targeted Health Solutions & Disease Management,
HEALTH COACH SUMMIT REGISTRATION,Health Coaching Summit,Biz,Targeted Health Solutions & Disease Management,
Health coaching summit,Health Coaching Summit,Biz,Targeted Health Solutions & Disease Management,
UHCS 2019 Buyer - Ultimate Health Coaching Summit 2019,Health Coaching Summit,Biz,Targeted Health Solutions & Disease Management,
UHCS 2019 Buyer Refund/Chargeback,Health Coaching Summit,Biz,Targeted Health Solutions & Disease Management,
UHCS 2019 Registrant - Ultimate Health Coaching Summit 2019,Health Coaching Summit,Biz,Targeted Health Solutions & Disease Management,
UHCS HAS OPENED LOGIN EMAIL,Health Coaching Summit,Biz,Targeted Health Solutions & Disease Management,
UHCSS,Health Coaching Summit,Biz,Targeted Health Solutions & Disease Management,
Website Upgrade HCS Summit,Health Coaching Summit,Biz,Targeted Health Solutions & Disease Management,
LONGEVITY H.A.S. JV,Healthy Aging Summit,Health,Entrepreneurship & Business Development,
Healthy Aging Summit,Healthy Aging Summit,Health,Longevity & Regenerative Health,
SUMMIT: Healthy Pregnancy,Healthy Pregnancy Summit,Health,Women's Health & Community,
Healthy Vibrant Women,Healthy Vibrant Women,Health,Women's Health & Community,
Mastering High Ticket Attendee,High Ticket Summit,Biz,Digital Marketing & Content Creation Skills,
Mastering High Ticket VIP Buyer,High Ticket Summit,Biz,Digital Marketing & Content Creation Skills,
Mastering High Ticket JV,High Ticket Summit,Biz,Entrepreneurship & Business Development,
HSS Presenter,Holistic Sleep Summit,Health,Digital Marketing & Content Creation Skills,
2021 HSS JV,Holistic Sleep Summit,Health,Entrepreneurship & Business Development,
HSS 2022 October JV,Holistic Sleep Summit,Health,Entrepreneurship & Business Development,
2021 HSS Attendee,Holistic Sleep Summit,Health,Holistic Wellness & Natural Living,
2021 HSS VIP Buyer,Holistic Sleep Summit,Health,Holistic Wellness & Natural Living,
2024 RL Holistic Sleep Attendee,Holistic Sleep Summit,Health,Holistic Wellness & Natural Living,
2024 RL Holistic Sleep VIP Buyer,Holistic Sleep Summit,Health,Holistic Wellness & Natural Living,
HSS (FB) Registration,Holistic Sleep Summit,Health,Holistic Wellness & Natural Living,
HSS 2022 OCT Attendee,Holistic Sleep Summit,Health,Holistic Wellness & Natural Living,
HSS 2022 October VIP,Holistic Sleep Summit,Health,Holistic Wellness & Natural Living,
HSS Has Opened VIP Login Email,Holistic Sleep Summit,Health,Holistic Wellness & Natural Living,
HSS November 22 Attendee,Holistic Sleep Summit,Health,Holistic Wellness & Natural Living,
HSS SUMMIT REFUND,Holistic Sleep Summit,Health,Holistic Wellness & Natural Living,
HSS SUMMIT REGISTRATION,Holistic Sleep Summit,Health,Holistic Wellness & Natural Living,
HSS19 - Masterclass,Holistic Sleep Summit,Health,Holistic Wellness & Natural Living,
HSS2022 Trouble,Holistic Sleep Summit,Health,Holistic Wellness & Natural Living,
Holistic Sleep REG 0508,Holistic Sleep Summit,Health,Holistic Wellness & Natural Living,
Holistic Sleep Summit,Holistic Sleep Summit,Health,Holistic Wellness & Natural Living,
Holistic Sleep Summit Buyer,Holistic Sleep Summit,Health,Holistic Wellness & Natural Living,
Holistic Sleep Summit Registrant,Holistic Sleep Summit,Health,Holistic Wellness & Natural Living,
Holistic Sleep VIP 0508,Holistic Sleep Summit,Health,Holistic Wellness & Natural Living,
SLEEP ACCELERATOR BUYER,Holistic Sleep Summit,Health,Holistic Wellness & Natural Living,
Indie Film Summit Attendee,Indie Film Summit,Biz,Digital Marketing & Content Creation Skills,
Indie Film Summit VIP Buyer,Indie Film Summit,Biz,Digital Marketing & Content Creation Skills,
Indie Film Summit JV,Indie Film Summit,Biz,Entrepreneurship & Business Development,
INSPIRED MOM AFFILIATE,Inspired Mom,Health,Entrepreneurship & Business Development,
INSPIRED MOM JV MOVE,Inspired Mom,Health,Entrepreneurship & Business Development,
INSPIRED MOM SUMMIT BUYER,Inspired Mom,Health,Women's Health & Community,
INSPIRED MOM SUMMIT REGISTRATION,Inspired Mom,Health,Women's Health & Community,
Inspired Mom Recd Day1,Inspired Mom,Health,Women's Health & Community,
Inspired mom,Inspired Mom,Health,Women's Health & Community,
Internet Business Formula,Internet Business formula,Biz,Digital Marketing & Content Creation Skills,
Internet Business Formula Attendee,Internet Business formula,Biz,Digital Marketing & Content Creation Skills,
Internet Business Formula DFY Affiliate System,Internet Business formula,Biz,Digital Marketing & Content Creation Skills,
Internet Business Formula Freedom Accelerator,Internet Business formula,Biz,Digital Marketing & Content Creation Skills,
Internet Business Formula VIP Buyer,Internet Business formula,Biz,Digital Marketing & Content Creation Skills,
Internet business formula DFY Affiliate System,Internet Business formula,Biz,Digital Marketing & Content Creation Skills,
Internet business formula freedom accelerator,Internet Business formula,Biz,Digital Marketing & Content Creation Skills,
Internet Business Formula JV,Internet Business formula,Biz,Entrepreneurship & Business Development,
2022 Keto Affiliate,Keto Summit,Health,Entrepreneurship & Business Development,
2022 Keto Registration,Keto Summit,Health,Fitness Nutrition & Weight Management,High
2022 Keto VIP Buyer,Keto Summit,Health,Fitness Nutrition & Weight Management,High
Keto Summit,Keto Summit,Health,Fitness Nutrition & Weight Management,High
Keto Summit Speaker,Keto Summit,Health,Fitness Nutrition & Weight Management,High
Kids Brain JV,Kids brain Summit,Health,Entrepreneurship & Business Development,
Kids Brain JV (0403),Kids brain Summit,Health,Entrepreneurship & Business Development,
2021-6 KBS Buyer (FB),Kids brain Summit,Health,Targeted Health Solutions & Disease Management,
2021-6 KBS Reg (FB),Kids brain Summit,Health,Targeted Health Solutions & Disease Management,
2022 KBS (FB),Kids brain Summit,Health,Targeted Health Solutions & Disease Management,
2022 KBVS Buyer (FB),Kids brain Summit,Health,Targeted Health Solutions & Disease Management,
Kids Brain Attendee (Oct 2024 Relaunch),Kids brain Summit,Health,Targeted Health Solutions & Disease Management,
Kids Brain REG 0403,Kids brain Summit,Health,Targeted Health Solutions & Disease Management,
Kids Brain REG 0403-W,Kids brain Summit,Health,Targeted Health Solutions & Disease Management,
Kids Brain VIP (0403),Kids brain Summit,Health,Targeted Health Solutions & Disease Management,
Kids Brain VIP Buyer (Oct 2024 Relaunch),Kids brain Summit,Health,Targeted Health Solutions & Disease Management,
Kids brain Summit,Kids brain Summit,Health,Targeted Health Solutions & Disease Management,
Lead Generation Summit Attendee,Lead Generation Summit,Health,Digital Marketing & Content Creation Skills,
Lead Generation Super Summit VIP Buyer,Lead Generation Summit,Health,Digital Marketing & Content Creation Skills,
2019 Leadership Summit Buyer,Leadership Summit,Biz,Entrepreneurship & Business Development,
2019 Leadership Summit Buyer Email Opened,Leadership Summit,Biz,Entrepreneurship & Business Development,
2019 Leadership Summit Registrant,Leadership Summit,Biz,Entrepreneurship & Business Development,
2020 Leadership Summit Buyer,Leadership Summit,Biz,Entrepreneurship & Business Development,
2020 Leadership Summit Buyer Login Email Opened,Leadership Summit,Biz,Entrepreneurship & Business Development,
2020 Leadership Summit Registration,Leadership Summit,Biz,Entrepreneurship & Business Development,
Affiliate - Leadership Summit,Leadership Summit,Biz,Entrepreneurship & Business Development,
Leadership Summit,Leadership Summit,Biz,Entrepreneurship & Business Development,
2023 SLS JV,Leadership Summit,Biz,Entrepreneurship & Business Development,
2023 SLS Registration,Leadership Summit,Biz,Entrepreneurship & Business Development,
2023 SLS VIP,Leadership Summit,Biz,Entrepreneurship & Business Development,
2024 SLS RL JV,Leadership Summit,Biz,Entrepreneurship & Business Development,
2024 SLS RL Registrant,Leadership Summit,Biz,Entrepreneurship & Business Development,
July 2024 RL SLS Registrant,Leadership Summit,Biz,Entrepreneurship & Business Development,
July 2024 RL SLS VIP Buyer,Leadership Summit,Biz,Entrepreneurship & Business Development,
Long Covid Masterclass JV,Long COVID Summit,Biz,Entrepreneurship & Business Development,
Long Covid Masterclass Attendee,Long COVID Summit,Biz,Targeted Health Solutions & Disease Management,
Long Covid Masterclass Attendee Oct RL,Long COVID Summit,Biz,Targeted Health Solutions & Disease Management,
Long Covid Masterclass VIP Buyer,Long COVID Summit,Biz,Targeted Health Solutions & Disease Management,
Long Covid Masterclass VIP Buyer (Oct RL),Long COVID Summit,Biz,Targeted Health Solutions & Disease Management,
Market Mastery Attendee,Market Mastery Summit,Biz,Digital Marketing & Content Creation Skills,
Market Mastery Affiliate,Market Mastery Summit,Biz,Entrepreneurship & Business Development,
APR MASTERMIND ATTENDEE,MASTERMIND,Biz,Entrepreneurship & Business Development,
Affiliate Marketing Mastermind,MASTERMIND,Biz,Entrepreneurship & Business Development,
Mastermind June 10,MASTERMIND,Biz,Entrepreneurship & Business Development,
Mastermind June 15,MASTERMIND,Biz,Entrepreneurship & Business Development,
Mastermind June 6,MASTERMIND,Biz,Entrepreneurship & Business Development,
Mastermind Official Member,MASTERMIND,Biz,Entrepreneurship & Business Development,
Mastermind w/ res fee,MASTERMIND,Biz,Entrepreneurship & Business Development,
Mastermind with 4 pays,MASTERMIND,Biz,Entrepreneurship & Business Development,
MastermindPLUS Strategy Session App,MASTERMIND,Biz,Entrepreneurship & Business Development,
MastermindPlus Gold,MASTERMIND,Biz,Entrepreneurship & Business Development,
MastermindPlus Silver,MASTERMIND,Biz,Entrepreneurship & Business Development,
Mental Wellness Summit Speaker,Mental Wellness Conference,Health,Mental & Emotional Well-being,
Metaphysically Fit,Metaphysically Fit,Health,Holistic Wellness & Natural Living,
00 Mom Conf Spkr,Mom Conference,Health,Women's Health & Community,
Nonfiction Secrets Attendee,Non Fiction Secrets Summit,Biz,Digital Marketing & Content Creation Skills,
Nonfiction Secrets Upsell #1 Buyer,Non Fiction Secrets Summit,Biz,Digital Marketing & Content Creation Skills,
Nonfiction Secrets VIP Buyer,Non Fiction Secrets Summit,Biz,Digital Marketing & Content Creation Skills,
Nonfiction Upsell #2 Buyerr,Non Fiction Secrets Summit,Biz,Digital Marketing & Content Creation Skills,
Nonfiction Secrets JV,Non Fiction Secrets Summit,Biz,Entrepreneurship & Business Development,
Optimal Performance Summit Speaker,Optimal Performance Summit,Health,Holistic Wellness & Natural Living,
Optimal performance,Optimal Performance Summit,Health,Holistic Wellness & Natural Living,
OYF SUMMIT BUYER,Own Your Future Summit,Health,To Be Classified,
Own Your Future Summit,Own Your Future Summit,Health,To Be Classified,
Paid Media Attendee,Paid Media Summit,Biz,Digital Marketing & Content Creation Skills,
Paid Media Internal Summit Attendee,Paid Media Summit,Biz,Digital Marketing & Content Creation Skills,
Paid Media Masterclass Attendee,Paid Media Summit,Biz,Digital Marketing & Content Creation Skills,
Paid Media Summit Attendee (Dec 2024),Paid Media Summit,Biz,Digital Marketing & Content Creation Skills,
Paid Media Summit VIP Buyer,Paid Media Summit,Biz,Digital Marketing & Content Creation Skills,
Paid Media Internal Summit JV,Paid Media Summit,Biz,Entrepreneurship & Business Development,
Paid Media JV,Paid Media Summit,Biz,Entrepreneurship & Business Development,
Paid Media Masterclass JV,Paid Media Summit,Biz,Entrepreneurship & Business Development,
Pain Solution Summit,Pain Solution Summit,Health,Targeted Health Solutions & Disease Management,
PANDEMIC RECOVERY SUMMIT JV,Pandemic Recovery,Health,Entrepreneurship & Business Development,
Pandemic Recovery,Pandemic Recovery,Health,Targeted Health Solutions & Disease Management,
Online Privacy Free Registrant,Privacy Summit,Biz,Digital Marketing & Content Creation Skills,
Online Privacy Summit VIP Buyer,Privacy Summit,Biz,Digital Marketing & Content Creation Skills,
Privacy Summit,Privacy Summit,Biz,Digital Marketing & Content Creation Skills,
Online Privacy Summit JV,Privacy Summit,Biz,Entrepreneurship & Business Development,
Productivity Summit Affiliate,Productivity Summit,Biz,Entrepreneurship & Business Development,
Productivity Summit Attendee,Productivity Summit,Biz,Entrepreneurship & Business Development,
Psychedelic Attendee,Psychedelic Summit,Health,Mental & Emotional Well-being,
PTSD Masterclass Buyer,PTSD Masterclass,Health,Mental & Emotional Well-being,
PTSD Masterclass Registration,PTSD Masterclass,Health,Mental & Emotional Well-being,
JULY 2024 PUB REG,Publicity Summit,Biz,Digital Marketing & Content Creation Skills,
Publicity Summit,Publicity Summit,Biz,Digital Marketing & Content Creation Skills,
Publicity Summit Buyer,Publicity Summit,Biz,Digital Marketing & Content Creation Skills,
Publicity Summit Registration,Publicity Summit,Biz,Digital Marketing & Content Creation Skills,
SEPT 22 PUB REG,Publicity Summit,Biz,Digital Marketing & Content Creation Skills,
SEPT 22 PUB VIP BUYER,Publicity Summit,Biz,Digital Marketing & Content Creation Skills,
Publicity Summit JV,Publicity Summit,Biz,Entrepreneurship & Business Development,
SEPT 22 PUB JV,Publicity Summit,Biz,Entrepreneurship & Business Development,
HERO Summit Speaker,Reclaim Your HERO Summit,Health,Digital Marketing & Content Creation Skills,
HERO SUMMIT JV,Reclaim Your HERO Summit,Health,Entrepreneurship & Business Development,
HERO SUMMIT BUYER,Reclaim Your HERO Summit,Health,Mental & Emotional Well-being,
HERO SUMMIT REGISTRATION,Reclaim Your HERO Summit,Health,Mental & Emotional Well-being,
Hero Summit Has Opened VIP Login Email,Reclaim Your HERO Summit,Health,Mental & Emotional Well-being,
2022 Hero Registration,Reclaim Your HERO Summit,Health,Mental & Emotional Well-being,
Relationship Rescue 3 Day Challenge,Relationship Rescue / Divorce Summit,Health,Mental & Emotional Well-being,
2024 Relationship Rescue Workbook,Relationship Rescue / Divorce Summit,Health,Mental & Emotional Well-being,
Reverse Autoimmune Disease Summit,Reverse Autoimmune Disease Summit,Health,Targeted Health Solutions & Disease Management,
Save My Thyroid JV,Save My Thyroid Summit,Biz,Entrepreneurship & Business Development,
SAVE MY THYROID ACCELERATOR Buyer,Save My Thyroid Summit,Biz,Targeted Health Solutions & Disease Management,
Save My Thyroid Attendee,Save My Thyroid Summit,Biz,Targeted Health Solutions & Disease Management,
Save My Thyroid REG 0508,Save My Thyroid Summit,Biz,Targeted Health Solutions & Disease Management,
Save My Thyroid VIP 0508,Save My Thyroid Summit,Biz,Targeted Health Solutions & Disease Management,
Save My Thyroid VIP Buyer,Save My Thyroid Summit,Biz,Targeted Health Solutions & Disease Management,
THYROID BOOTCAMP Buyer,Save My Thyroid Summit,Biz,Targeted Health Solutions & Disease Management,
Hashimoto's Triggers 0508,Save My Thyroid Summit,Biz,Targeted Health Solutions & Disease Management,
SUMMIT: SLIMMING JV,Science of Slimming Summit,Health,Entrepreneurship & Business Development,
SUMMIT: SLIMMING (BUYER),Science of Slimming Summit,Health,Fitness Nutrition & Weight Management,High
SUMMIT: SLIMMING REGISTRATION,Science of Slimming Summit,Health,Fitness Nutrition & Weight Management,High
Science of Slim Speaker,Science of Slimming Summit,Health,Fitness Nutrition & Weight Management,High
Science of Slimming Summit,Science of Slimming Summit,Health,Fitness Nutrition & Weight Management,High
Self-love summit,Self-love summit,Health,Mental & Emotional Well-being,
Six Figure Buyer (FB),Six Figure Masterclass,Biz,Entrepreneurship & Business Development,
Six Figure MasterClass Attendee,Six Figure Masterclass,Biz,Entrepreneurship & Business Development,
Six Figure MasterClass Attendee (FB),Six Figure Masterclass,Biz,Entrepreneurship & Business Development,
Six Figure MasterClass JV,Six Figure Masterclass,Biz,Entrepreneurship & Business Development,
Six Figure Masterclass VIP Buyer,Six Figure Masterclass,Biz,Entrepreneurship & Business Development,
Slim Down Conference JV,Slim Down Conference,Biz,Entrepreneurship & Business Development,
Slim Down Conference Attendee,Slim Down Conference,Biz,Fitness Nutrition & Weight Management,High
Slim Down Conference VIP Buyer,Slim Down Conference,Biz,Fitness Nutrition & Weight Management,High
Speaker Impact Summit,Speaker Impact Summit,Health,Digital Marketing & Content Creation Skills,
2024 RL SpeakerFest Attendee,speakerfest,Health,Digital Marketing & Content Creation Skills,
2024 RL Speakerfest VIP Buyer,speakerfest,Health,Digital Marketing & Content Creation Skills,
SpeakerFest - SpeakerTunity Members Only - Gold 6 Months,speakerfest,Health,Digital Marketing & Content Creation Skills,
SpeakerFest - SpeakerTunity Members Only - Silver 6 Months,speakerfest,Health,Digital Marketing & Content Creation Skills,
SpeakerFest Registrant,speakerfest,Health,Digital Marketing & Content Creation Skills,
SpeakerFest VIP Buyer,speakerfest,Health,Digital Marketing & Content Creation Skills,
speakerfest,speakerfest,Health,Digital Marketing & Content Creation Skills,
SpeakerFest JV Affiliate,speakerfest,Health,Entrepreneurship & Business Development,
Shatter The Stereotypes JV,Stereotypes Summit,Biz,Entrepreneurship & Business Development,
Shatter The Stereotype Attendee,Stereotypes Summit,Biz,Mental & Emotional Well-being,
Shatter The Stereotypes Summit VIP Buyer,Stereotypes Summit,Biz,Mental & Emotional Well-being,
Shattering Black Male Stereotype Bump Buyer,Stereotypes Summit,Biz,Mental & Emotional Well-being,
Strategic Alliance,Strategi Alliance,Biz,Entrepreneurship & Business Development,
Summit talks,Summit talks,Biz,Digital Marketing & Content Creation Skills,
Affiliate Survival Summit,Survival Summit,Survivalist,Entrepreneurship & Business Development,
Survival Summit JV (0327),Survival Summit,Survivalist,Entrepreneurship & Business Development,
Survivalist Summit JV,Survival Summit,Survivalist,Entrepreneurship & Business Development,
Survival Medical System - Opened Emails,Survival Summit,Survivalist,Self-Reliance & Preparedness,
Survival Medical System Webinar (BUYER),Survival Summit,Survivalist,Self-Reliance & Preparedness,
Survival Medical System Webinar (non-buyer),Survival Summit,Survivalist,Self-Reliance & Preparedness,
Survival Medical System Webinar Registration,Survival Summit,Survivalist,Self-Reliance & Preparedness,
Survival Summit Buyer,Survival Summit,Survivalist,Self-Reliance & Preparedness,
Survival Summit REG 0327,Survival Summit,Survivalist,Self-Reliance & Preparedness,
Survival Summit Registration,Survival Summit,Survivalist,Self-Reliance & Preparedness,
Survivalist Summit Attendee,Survival Summit,Survivalist,Self-Reliance & Preparedness,
Survivalist Summit REG 0327-W,Survival Summit,Survivalist,Self-Reliance & Preparedness,
Survivalist Summit VIP Buyer,Survival Summit,Survivalist,Self-Reliance & Preparedness,
Survivalist Affiliate,Survivalist,Survivalist,Entrepreneurship & Business Development,
Affiliate: Survivalist,Survivalist,Survivalist,Self-Reliance & Preparedness,
Survivalist,Survivalist,Survivalist,Self-Reliance & Preparedness,
Survivalist $7.99,Survivalist,Survivalist,Self-Reliance & Preparedness,
Survivalist Contact,Survivalist,Survivalist,Self-Reliance & Preparedness,
Survivalist LIFETIME,Survivalist,Survivalist,Self-Reliance & Preparedness,
Survivalist MONTHLY,Survivalist,Survivalist,Self-Reliance & Preparedness,
Survivalist Renewal Accepted,Survivalist,Survivalist,Self-Reliance & Preparedness,
Survivalist Renewal Offered,Survivalist,Survivalist,Self-Reliance & Preparedness,
Survivalist TRIAL,Survivalist,Survivalist,Self-Reliance & Preparedness,
Survivalist Webinars,Survivalist,Survivalist,Self-Reliance & Preparedness,
Survivalist YEARLY,Survivalist,Survivalist,Self-Reliance & Preparedness,
survival,Survivalist,Survivalist,Self-Reliance & Preparedness,
SUSTAINABLE SUMMIT JV,Sustainable Development Summit,Health,Entrepreneurship & Business Development,
SUSTAINABLE SUMMIT BUYER,Sustainable Development Summit,Health,Holistic Wellness & Natural Living,
SUSTAINABLE SUMMIT REGISTRATION,Sustainable Development Summit,Health,Holistic Wellness & Natural Living,
S&M Launch Kit Buyer,Systems & Marketing Summit,Biz,Digital Marketing & Content Creation Skills,
Systems and Marketing Summit Attendee,Systems & Marketing Summit,Biz,Digital Marketing & Content Creation Skills,
6 Weeks Systems Course,Systems & Marketing Summit,Biz,Digital Marketing & Content Creation Skills,
Systems & Marketing Summit JV,Systems & Marketing Summit,Biz,Entrepreneurship & Business Development,
Systems & Marketing Summit VIP Buyer,Systems & Marketing Summit,Biz,Entrepreneurship & Business Development,
Tax Lien REG 0410,Tax Lien Summit,Biz,Investing Finance & Wealth Creation,High
Tax Lien VIP 0410,Tax Lien Summit,Biz,Investing Finance & Wealth Creation,High
Thrive State,Thrive State,Health,Holistic Wellness & Natural Living,
2023 TRS FREE REGISTRANT,Trauma Recovery Summit,Health,Mental & Emotional Well-being,
2023 TRS VIP,Trauma Recovery Summit,Health,Mental & Emotional Well-being,
2024 FB RL TRS Attendee,Trauma Recovery Summit,Health,Mental & Emotional Well-being,
2024 FB RL TRS Buyer,Trauma Recovery Summit,Health,Mental & Emotional Well-being,
FB TRS Attendee,Trauma Recovery Summit,Health,Mental & Emotional Well-being,
JUNE 2024 FB RL TRS ATTENDEE,Trauma Recovery Summit,Health,Mental & Emotional Well-being,
JUNE 2024 FB RL TRS BUYER,Trauma Recovery Summit,Health,Mental & Emotional Well-being,
Trauma Attendee 0501,Trauma Recovery Summit,Health,Mental & Emotional Well-being,
Trauma Recovery Attendee (FB),Trauma Recovery Summit,Health,Mental & Emotional Well-being,
Trauma Recovery Attendee DEC 2024 RL,Trauma Recovery Summit,Health,Mental & Emotional Well-being,
Trauma Recovery Buyer DEC 2024 RL,Trauma Recovery Summit,Health,Mental & Emotional Well-being,
Trauma Recovery Summit,Trauma Recovery Summit,Health,Mental & Emotional Well-being,
Trauma Recovery VIP Buyer SM,Trauma Recovery Summit,Health,Mental & Emotional Well-being,
Webinar Workshop 9.97,WEBINAR WORKSHOP,Biz,Digital Marketing & Content Creation Skills,
Webinar Workshop Buyer FB,WEBINAR WORKSHOP,Biz,Digital Marketing & Content Creation Skills,
Webinar Workshop Summit Attendee,WEBINAR WORKSHOP,Biz,Digital Marketing & Content Creation Skills,
Webinar Workshop Summit Attendee FB,WEBINAR WORKSHOP,Biz,Digital Marketing & Content Creation Skills,
Webinar Workshop VIP Buyer,WEBINAR WORKSHOP,Biz,Digital Marketing & Content Creation Skills,
Webinar Workshop Live Application JV,WEBINAR WORKSHOP,Biz,Entrepreneurship & Business Development,
Webinar Workshop Live JV,WEBINAR WORKSHOP,Biz,Entrepreneurship & Business Development,
Webinar Workshop Summit JV,WEBINAR WORKSHOP,Biz,Entrepreneurship & Business Development,
BALANCE SUMMIT JV,Women_s balance summit,Health,Entrepreneurship & Business Development,
Balance Summit Affiliate,Women_s balance summit,Health,Entrepreneurship & Business Development,
BALANCE SUMMIT BUYER,Women_s balance summit,Health,Women's Health & Community,
BALANCE SUMMIT REGISTRATION,Women_s balance summit,Health,Women's Health & Community,
2024 Yoga Summit JV,Yoga Summit,Health,Entrepreneurship & Business Development,
YOGA SUMMIT JV,Yoga Summit,Health,Entrepreneurship & Business Development,
2024 Yoga Summit Attendee,Yoga Summit,Health,Holistic Wellness & Natural Living,
2024 Yoga Summit Upsell Buyer,Yoga Summit,Health,Holistic Wellness & Natural Living,
2024 Yoga Summit VIP buyer,Yoga Summit,Health,Holistic Wellness & Natural Living,
YOGA SUMMIT BUYER,Yoga Summit,Health,Holistic Wellness & Natural Living,
Yoga (YouTube) Attendee,Yoga Summit,Health,Holistic Wellness & Natural Living,
Yoga Summit $17 Pkg Buyer,Yoga Summit,Health,Holistic Wellness & Natural Living,
Yoga Summit $7 Buyer,Yoga Summit,Health,Holistic Wellness & Natural Living,
Yoga Summit Registration,Yoga Summit,Health,Holistic Wellness & Natural Living,
21-Day Spice Yourself Skinny Buyer,,Health,Fitness Nutrition & Weight Management,
One Diet 4 Life BOOK Buyer,,Health,Fitness Nutrition & Weight Management,
One Diet 4 Life Buyer,,Health,Fitness Nutrition & Weight Management,
Tiny Changes&#44; BIG Weight Loss Buyer,,Health,Fitness Nutrition & Weight Management,
WEBINAR REG ATHLETES PERFORMANCE,,Health,Fitness Nutrition & Weight Management,
Weight Loss Affiliate,,Health,Fitness Nutrition & Weight Management,
2024 Arise & Unwind Order Bump Buyer,,Health,Holistic Wellness & Natural Living,
BOOK: 4th of July Recipes,,Health,Holistic Wellness & Natural Living,
Delray Beach H&W Registration,,Health,Holistic Wellness & Natural Living,
Recipe Book: Beef Brisket,,Health,Holistic Wellness & Natural Living,
Recipe Book: Ramen Noodle,,Health,Holistic Wellness & Natural Living,
Renovating.org Newsletter,,Health,Holistic Wellness & Natural Living,
detox webinar,,Health,Holistic Wellness & Natural Living,
$100K Unusual Income Streams Application,,Biz,Investing Finance & Wealth Creation,
BTC Summit VIP BUYER,,Biz,Investing Finance & Wealth Creation,
Blockchain Bottomline Course,,Biz,Investing Finance & Wealth Creation,
One Hour Cash Machine Buyer,,Biz,Investing Finance & Wealth Creation,
Shemitah Video Opt In,,Biz,Investing Finance & Wealth Creation,
Arctic FiIters Gold Pack (3),,Survivalist,Self-Reliance & Preparedness,
Arctic Filters Platinum Pack (6),,Survivalist,Self-Reliance & Preparedness,
BOOK: GREENHOUSE,,Survivalist,Self-Reliance & Preparedness,
Bug Out Bag Double Order,,Survivalist,Self-Reliance & Preparedness,
Bug Out Bag Webinar Registration,,Survivalist,Self-Reliance & Preparedness,
Camp Fema,,Survivalist,Self-Reliance & Preparedness,
Combat Blueprint Upsell NO,,Survivalist,Self-Reliance & Preparedness,
CombatBlueprint Buyer,,Survivalist,Self-Reliance & Preparedness,
CombatBlueprint Failed,,Survivalist,Self-Reliance & Preparedness,
Email clicked(food4patriots)Dec14,,Survivalist,Self-Reliance & Preparedness,
Heirloom Seed Kit Single Can $99,,Survivalist,Self-Reliance & Preparedness,
Heirloom Seed Kit Upgrade 2 More Cans (Gold Kit),,Survivalist,Self-Reliance & Preparedness,
Heirloom Seed Kit Upgrade to Platinum(6 Cans),,Survivalist,Self-Reliance & Preparedness,
Heirloom Seeds,,Survivalist,Self-Reliance & Preparedness,
Patriot Newsletter,,Survivalist,Self-Reliance & Preparedness,
Patriot Newsletter EM Group 1 of 5,,Survivalist,Self-Reliance & Preparedness,
Patriot Newsletter EM Group 2 of 5,,Survivalist,Self-Reliance & Preparedness,
Patriot Newsletter EM Group 3 of 5,,Survivalist,Self-Reliance & Preparedness,
Patriot Newsletter Gp1,,Survivalist,Self-Reliance & Preparedness,
Patriot Newsletter Gp2,,Survivalist,Self-Reliance & Preparedness,
SL Tactical Pen Clicked,,Survivalist,Self-Reliance & Preparedness,
SL Tactical Pen Opens,,Survivalist,Self-Reliance & Preparedness,
Seed Order Double,,Survivalist,Self-Reliance & Preparedness,
Seed Order Single,,Survivalist,Self-Reliance & Preparedness,
Sun Oven,,Survivalist,Self-Reliance & Preparedness,
Survival Still,,Survivalist,Self-Reliance & Preparedness,
Survival Still Webinar Registration,,Survivalist,Self-Reliance & Preparedness,
Survival Water System,,Survivalist,Self-Reliance & Preparedness,
Survival Water System Registered,,Survivalist,Self-Reliance & Preparedness,
UVPaqlite Large Kit,,Survivalist,Self-Reliance & Preparedness,
UVPaqlite Small Kit,,Survivalist,Self-Reliance & Preparedness,
Webinar - Seeds 02-19-2015,,Survivalist,Self-Reliance & Preparedness,
bug out seed kit,,Survivalist,Self-Reliance & Preparedness,
water report,,Survivalist,Self-Reliance & Preparedness,
PRS Has opened VIP login email,,Health,Targeted Health Solutions & Disease Management,
PRS SUMMIT BUYER,,Health,Targeted Health Solutions & Disease Management,
PRS SUMMIT REGISTRATION,,Health,Targeted Health Solutions & Disease Management,
Stanger Chiropractic,,Health,Targeted Health Solutions & Disease Management,
Stanger Email #1 Opened,,Health,Targeted Health Solutions & Disease Management,