Tag,Personality Bucket,Weight
Renovating.org Newsletter,Holistic Wellness & Natural Living,2
PRS SUMMIT REGISTRATION,Targeted Health Solutions & Disease Management,5
!KyleTestUpdateTag,To Be Classified,0
EMFHMB Registration,Holistic Wellness & Natural Living,5
2021 HSS Attendee,Targeted Health Solutions & Disease Management,5
2020 Leadership Summit Registration,Entrepreneurship & Business Development,5
Long Covid Masterclass Attendee,Mental & Emotional Well-being,5
Save My Thyroid Attendee,Targeted Health Solutions & Disease Management,5
2021 Common Sense Reg,Targeted Health Solutions & Disease Management,1
2019 Leadership Summit Registrant,Entrepreneurship & Business Development,5
EMF Masterclass Attendee,Holistic Wellness & Natural Living,5
OPS Registration,Entrepreneurship & Business Development,5
OP Engineering says: Contact Unverified,To Be Classified,0
SUMMIT: SLIMMING REGISTRATION,"Fitness, Nutrition & Weight Management",5
EMFHMB Attendee August 2024,Holistic Wellness & Natural Living,5
Trauma Recovery Attendee DEC 2024 RL,Mental & Emotional Well-being,5
Essential Oils,Holistic Wellness & Natural Living,1
FB TRS Attendee,To Be Classified,0
EO Summit Registration,Holistic Wellness & Natural Living,5
Holistic Sleep Summit Registrant,Holistic Wellness & Natural Living,5
Copywriting Summit Attendee (June 2024 RL),Digital Marketing & Content Creation Skills,5
JUNE 2024 FB RL TRS ATTENDEE,To Be Classified,0
EO Newsletter,To Be Classified,0
Free Oils Book,Holistic Wellness & Natural Living,2
HSS2022 Trouble,To Be Classified,0
Dog Summit Registration,Targeted Health Solutions & Disease Management,5
2022 KBS (FB),Digital Marketing & Content Creation Skills,1
Six Figure MasterClass Attendee,Entrepreneurship & Business Development,5
Breathwork Summit Free Registrant,Mental & Emotional Well-being,5
2024 Breathwork Summit Free Registrant,Mental & Emotional Well-being,5
doTERRA Team,Holistic Wellness & Natural Living,1
2024 FB RL TRS Attendee,To Be Classified,0
Got Mold Summit Attendee,Holistic Wellness & Natural Living,5
April 2024 AI Mastery Attendee FB,Digital Marketing & Content Creation Skills,5
2024 SLS RL Registrant,To Be Classified,0
Internet Business Formula Attendee,Digital Marketing & Content Creation Skills,5
Long Covid Masterclass Attendee Oct RL,Mental & Emotional Well-being,5
doTERRA,Holistic Wellness & Natural Living,1
Affiliate Fest Attendee,Digital Marketing & Content Creation Skills,5
2024 BTS FREE REGISTRANT,"Fitness, Nutrition & Weight Management",5
SM 3.0 Member Transfer,To Be Classified,0
Energy Blueprint Attendee,Holistic Wellness & Natural Living,5
2024 RL AI Mastery Attendee,Digital Marketing & Content Creation Skills,5
doterra-2018-10-30,Holistic Wellness & Natural Living,1
doTERRA Update 12.01.2018,Holistic Wellness & Natural Living,1
IMS July 2021 Registrant,To Be Classified,0
Advertiser,Digital Marketing & Content Creation Skills,1
Tax Lien REG 0410,"Investing, Finance & Wealth Creation",1
HERO SUMMIT REGISTRATION,To Be Classified,0
Slim Down Conference Attendee,"Fitness, Nutrition & Weight Management",5
Six Figure MasterClass Attendee (FB),Entrepreneurship & Business Development,5
Nonfiction Secrets Attendee,Digital Marketing & Content Creation Skills,5
Copywriting Summit Attendee,Digital Marketing & Content Creation Skills,5
doTERRA Import 8/26/2018,Holistic Wellness & Natural Living,1
survival,Self-Reliance & Preparedness,1
Kids Brain REG 0403,Targeted Health Solutions & Disease Management,1
Affiliate - Leadership Summit,Entrepreneurship & Business Development,3
2021 Common Sense VIP,To Be Classified,0
OPS Registration 2021-1,Entrepreneurship & Business Development,5
2021 MSS Attendee,Digital Marketing & Content Creation Skills,5
PTSD Masterclass Registration,Mental & Emotional Well-being,5
Got Mold Summit opt in (YouTube),Holistic Wellness & Natural Living,2
IMS November Registration,To Be Classified,0
doTERRA Leadership Summit Buyer,Holistic Wellness & Natural Living,10
Online Privacy Free Registrant,Digital Marketing & Content Creation Skills,5
doTERRA Leadership Summit Registeration,Holistic Wellness & Natural Living,1
Kids Brain Attendee (Oct 2024 Relaunch),Targeted Health Solutions & Disease Management,5
Affiliate,To Be Classified,0
UHCS 2019 Buyer - Ultimate Health Coaching Summit 2019,Targeted Health Solutions & Disease Management,10
Long Covid Masterclass VIP Buyer,Mental & Emotional Well-being,10
Summit JV,Entrepreneurship & Business Development,3
2021 HSS VIP Buyer,Targeted Health Solutions & Disease Management,10
MMS SUMMIT REGISTRATION,Targeted Health Solutions & Disease Management,5
Save My Thyroid VIP Buyer,Targeted Health Solutions & Disease Management,10
Lavender Sample Order Step 1,Holistic Wellness & Natural Living,10
Stanger Chiropractic,Targeted Health Solutions & Disease Management,1
SpeakerFest Registrant,Digital Marketing & Content Creation Skills,5
Publicity Summit Registration,Digital Marketing & Content Creation Skills,5
AI Mastery Attendee,Digital Marketing & Content Creation Skills,5
UHCS HAS OPENED LOGIN EMAIL,Targeted Health Solutions & Disease Management,2
Energy Blueprint REG 0408,Holistic Wellness & Natural Living,1
2023 SLS Registration,To Be Classified,0
2020 Leadership Summit Buyer,Entrepreneurship & Business Development,10
2020 Leadership Summit Buyer Login Email Opened,Entrepreneurship & Business Development,10
HSS19 - Masterclass,Targeted Health Solutions & Disease Management,5
2024 Yoga Summit Attendee,Holistic Wellness & Natural Living,5
WEBINAR EO GENERAL,To Be Classified,0
Full Potential Parenting Summit,Mental & Emotional Well-being,1
Energy Blueprint September Attendee,Holistic Wellness & Natural Living,5
Survivalist,Self-Reliance & Preparedness,1
PRS SUMMIT BUYER,Targeted Health Solutions & Disease Management,10
2024 RL Holistic Sleep Attendee,Holistic Wellness & Natural Living,5
Webinar Workshop Summit Attendee,Digital Marketing & Content Creation Skills,5
Yoga Summit Registration,Holistic Wellness & Natural Living,5
2019 Leadership Summit Buyer,Entrepreneurship & Business Development,10
OPS SUMMIT BUYER,To Be Classified,0
Future Of Crypto Attendee,"Investing, Finance & Wealth Creation",5
OGB-Builder,To Be Classified,0
OPS Opened VIP login email,To Be Classified,0
Paid Media Internal Summit Attendee,Digital Marketing & Content Creation Skills,5
2022 Keto Registration,"Fitness, Nutrition & Weight Management",5
Survival Medical System - Opened Emails,Self-Reliance & Preparedness,2
PRS Has opened VIP login email,To Be Classified,0
HSS November 22 Attendee,Targeted Health Solutions & Disease Management,5
2022 BTS FREE,To Be Classified,0
Systems and Marketing Summit Attendee,Digital Marketing & Content Creation Skills,5
2019 Leadership Summit Buyer Email Opened,Entrepreneurship & Business Development,10
360 Speaker,Entrepreneurship & Business Development,3
Growth Hacking Summit Attendee,Digital Marketing & Content Creation Skills,5
free oil offer,Holistic Wellness & Natural Living,2
Blood Sugar Freedom Attendee,Targeted Health Solutions & Disease Management,5
Six Figure Masterclass VIP Buyer,Entrepreneurship & Business Development,10
Business Affiliates,Entrepreneurship & Business Development,1
Speaker Import,Entrepreneurship & Business Development,3
SUMMIT: SLIMMING (BUYER),"Fitness, Nutrition & Weight Management",10
Straight Talk Seminar Recordings,Entrepreneurship & Business Development,5
SMS - Opened Email,To Be Classified,0
e-course,To Be Classified,0
2024 Energy Blueprint Attendee,Holistic Wellness & Natural Living,5
7-Figure Chiropractor Attendee,Entrepreneurship & Business Development,5
Holistic Sleep Summit Buyer,Holistic Wellness & Natural Living,10
BALANCE SUMMIT REGISTRATION,Holistic Wellness & Natural Living,5
Stanger Email #1 Opened,To Be Classified,0
HSS Has Opened VIP Login Email,To Be Classified,0
KDP Academy Webinar Registration,Digital Marketing & Content Creation Skills,5
Breathwork Summit VIP Buyer,Mental & Emotional Well-being,10
CoachingFEST Attendee,Entrepreneurship & Business Development,5
Long Covid Masterclass VIP Buyer (Oct RL),Mental & Emotional Well-being,10
Dog Training Summit Affiliate,Entrepreneurship & Business Development,3
Free Oregano Oil,To Be Classified,0
2021-6 KBS Reg (FB),Digital Marketing & Content Creation Skills,1
Survival Medical System Webinar Registration,Self-Reliance & Preparedness,5
2025 Common Sense Attendee,To Be Classified,0
EMFHMB VIP Buyer,Holistic Wellness & Natural Living,10
Free EO Class,To Be Classified,0
Speaker Impact Summit,Entrepreneurship & Business Development,3
Own Your Future Summit,To Be Classified,0
Customer,To Be Classified,0
SEPT 22 PUB REG,To Be Classified,0
doTERRA Preferred Member,Holistic Wellness & Natural Living,10
Traffic Tribe,Digital Marketing & Content Creation Skills,1
SM Subscribers,To Be Classified,0
BALANCE SUMMIT BUYER,Holistic Wellness & Natural Living,10
6 Weeks Systems Course,To Be Classified,0
Shatter The Stereotype Attendee,Women's Health & Community,5
Survival Summit Registration,Self-Reliance & Preparedness,5
Indie Film Summit Attendee,To Be Classified,0
DOG SUMMIT BUYER,Targeted Health Solutions & Disease Management,10
Survivalist Summit Attendee,Self-Reliance & Preparedness,5
Nonfiction Secrets VIP Buyer,Digital Marketing & Content Creation Skills,10
Slim Down Conference VIP Buyer,"Fitness, Nutrition & Weight Management",10
Subscriber,To Be Classified,0
Webinar Workshop Summit Attendee FB,Digital Marketing & Content Creation Skills,5
HEALTH COACH SUMMIT REGISTRATION,Targeted Health Solutions & Disease Management,5
Health Affiliates,To Be Classified,0
360 SUMMITS JV,To Be Classified,0
doTERRA Customer,Holistic Wellness & Natural Living,10
Kate Webinar,To Be Classified,0
MMS SUMMIT BUYER,Targeted Health Solutions & Disease Management,10
EMF Masterclass Buyer,Holistic Wellness & Natural Living,10
Kids Brain VIP Buyer (Oct 2024 Relaunch),Targeted Health Solutions & Disease Management,10
D.A.P. Registration,To Be Classified,0
YOGA SUMMIT JV,Entrepreneurship & Business Development,3
Survival Summit REG 0327,Self-Reliance & Preparedness,5
2021 DBHW REG,To Be Classified,0
EMFHMB QS Buyer,Holistic Wellness & Natural Living,10
GE OPS IMPORT,To Be Classified,0
(FB) HVWS Attendee,To Be Classified,0
Got Mold Summit VIP Buyer,Holistic Wellness & Natural Living,10
INSPIRED MOM AFFILIATE,Women's Health & Community,3
FREE EO BOOKS(5),To Be Classified,0
Potential Host/Speaker,Entrepreneurship & Business Development,3
YOGA SUMMIT BUYER,Holistic Wellness & Natural Living,10
Copywriting Summit VIP Buyer,Digital Marketing & Content Creation Skills,10
1shoppingcart,To Be Classified,0
HEALTH COACH 2016 BUYER,Targeted Health Solutions & Disease Management,10
2021 MSS JV,To Be Classified,0
Free Peppermint Oil,To Be Classified,0
SUSTAINABLE SUMMIT REGISTRATION,Holistic Wellness & Natural Living,5
Active Promoters,To Be Classified,0
IMS VIP (Oct 2021),To Be Classified,0
EMFHMB VIP Buyer (August 2024 RL),Holistic Wellness & Natural Living,10
MMS SUMMIT JV,Entrepreneurship & Business Development,3
2023 BTS FREE REGISTRANT,"Fitness, Nutrition & Weight Management",5
Internet Business Formula JV,Digital Marketing & Content Creation Skills,3
INSPIRED MOM SUMMIT REGISTRATION,Women's Health & Community,5
GOLD SUMMIT REGISTRATION,To Be Classified,0
IMS VIP (July 2021),To Be Classified,0
AI Mastery VIP Buyer,Digital Marketing & Content Creation Skills,10
Chiro Success Summit,To Be Classified,0
OPS SUMMIT BUYER 2020-1,To Be Classified,0
PANDEMIC RECOVERY SUMMIT JV,Entrepreneurship & Business Development,3
Next Speed Networking Attendee,Entrepreneurship & Business Development,5
Lead Generation Summit Attendee,Digital Marketing & Content Creation Skills,5
Shemitah Video Opt In,Self-Reliance & Preparedness,2
Systems & Marketing Summit JV,Entrepreneurship & Business Development,3
Online Privacy Summit VIP Buyer,Digital Marketing & Content Creation Skills,10
2021 Common Sense JV,To Be Classified,0
Affiliate Fest JV,Entrepreneurship & Business Development,3
Trauma Recovery Buyer DEC 2024 RL,Mental & Emotional Well-being,10
GOLD SUMMIT BUYER,To Be Classified,0
Publicity Summit Buyer,Digital Marketing & Content Creation Skills,10
Survival Summit Buyer,Self-Reliance & Preparedness,10
Survival Medical System Webinar (BUYER),Self-Reliance & Preparedness,10
BALANCE SUMMIT JV,Entrepreneurship & Business Development,3
360 Summits Platinum Pass Buyer,To Be Classified,0
2024 Breathwork Summit VIP Buyer,Mental & Emotional Well-being,10
EMFMC QS Guide Buyer,Holistic Wellness & Natural Living,10
SpeakerFest VIP Buyer,Digital Marketing & Content Creation Skills,10
2024 Acquisition Attendee,To Be Classified,0
Survival Medical System Webinar (non-buyer),Self-Reliance & Preparedness,10
2022 KBVS Buyer (FB),To Be Classified,0
Dog Summit Interested,Targeted Health Solutions & Disease Management,2
Tax Lien VIP 0410,"Investing, Finance & Wealth Creation",10
gfs-stream,To Be Classified,0
OYF SUMMIT BUYER,To Be Classified,0
Email clicked(food4patriots)Dec14,Self-Reliance & Preparedness,2
Inspired Mom Recd Day1,Women's Health & Community,1
Kids Brain JV (0403),Targeted Health Solutions & Disease Management,3
2022 BTS VIP,To Be Classified,0
Affiliate Fest VIP Buyer,Entrepreneurship & Business Development,10
2024 Yoga Summit VIP buyer,Holistic Wellness & Natural Living,10
Write Killer Copy Fast BONUS Buyer,To Be Classified,0
Kids Brain JV,Targeted Health Solutions & Disease Management,3
Mold Pro Toolkit Buyer,Holistic Wellness & Natural Living,10
2021 HSS JV,To Be Classified,0
2024 RL AI Mastery Buyer,Digital Marketing & Content Creation Skills,10
Science of Slim Speaker,Entrepreneurship & Business Development,3
UHCSS,To Be Classified,0
SUMMIT: SLIMMING JV,"Fitness, Nutrition & Weight Management",3
DOES NOT PROMOTE,To Be Classified,0
PTSD Masterclass Buyer,Mental & Emotional Well-being,10
Kids Brain VIP (0403),Targeted Health Solutions & Disease Management,10
Copywriting Summit VIP Buyer (2024),Digital Marketing & Content Creation Skills,10
sub renewal,To Be Classified,0
Breathwork Summit JV,Mental & Emotional Well-being,3
Paid Media Masterclass Attendee,Digital Marketing & Content Creation Skills,5
Save My Thyroid JV,Targeted Health Solutions & Disease Management,3
HERO SUMMIT BUYER,To Be Classified,0
360 Summits Speaker Application,Entrepreneurship & Business Development,3
Hero Summit Has Opened VIP Login Email,To Be Classified,0
Energy Blueprint September VIP Buyer,Holistic Wellness & Natural Living,10
2021 MSS VIP Buyer,To Be Classified,0
2023 SLS VIP,Entrepreneurship & Business Development,10
EMFMC QS Guide Buyer (August 2024 RL),Holistic Wellness & Natural Living,10
Website Upgrade,To Be Classified,0
Future Of Crypto Affiliate,"Investing, Finance & Wealth Creation",3
OPS 2021 JV,To Be Classified,0
2022 BTS AFFILIATE,To Be Classified,0
2024 RL SpeakerFest Attendee,Digital Marketing & Content Creation Skills,5
HEALTH COACH JV,To Be Classified,0
Balance Summit Affiliate,Holistic Wellness & Natural Living,3
Mastering High Ticket JV,To Be Classified,0
OG-New Member,To Be Classified,0
IMS July 2021 JV,To Be Classified,0
7-Figure Chiropractor VIP Buyer,Entrepreneurship & Business Development,10
JULY 2024 PUB REG,To Be Classified,0
Advertiser #28,Digital Marketing & Content Creation Skills,1
HSS 2022 OCT Attendee,Targeted Health Solutions & Disease Management,5
Internet Business Formula VIP Buyer,Digital Marketing & Content Creation Skills,10
gfs-recording,To Be Classified,0
HCSS JV Membership,To Be Classified,0
Publicity Summit JV,Digital Marketing & Content Creation Skills,3
Got Mold Summit JV,Holistic Wellness & Natural Living,3
doTERRA Oil User,Holistic Wellness & Natural Living,1
INSPIRED MOM JV MOVE,Women's Health & Community,3
GOLD SUMMIT JV,Entrepreneurship & Business Development,3
00 Mom Conf Spkr,To Be Classified,0
OPS 2021 BT Headset Upgrade Declined,To Be Classified,0
Heirloom Seeds,Self-Reliance & Preparedness,1
AI Mastery Affiliate,Digital Marketing & Content Creation Skills,3
Webinar Workshop VIP Buyer,Digital Marketing & Content Creation Skills,10
SM Current Paid Subscriber,To Be Classified,0
republic,To Be Classified,0
2023 BTS AFFILIATE,To Be Classified,0
Summit Host Partner,To Be Classified,0
SUSTAINABLE SUMMIT BUYER,Holistic Wellness & Natural Living,10
Advertiser #20,Digital Marketing & Content Creation Skills,1
2023 SLS JV,To Be Classified,0
SL Tactical Pen Opens,Self-Reliance & Preparedness,1
SL Tactical Pen Clicked,Self-Reliance & Preparedness,2
KDP ACADEMY MEMBER,Digital Marketing & Content Creation Skills,10
Affiliate: Survivalist,Self-Reliance & Preparedness,3
Affiliate Survival Summit,Self-Reliance & Preparedness,3
JUNE 2024 FB RL TRS BUYER,To Be Classified,0
Advertiser #26,Digital Marketing & Content Creation Skills,1
INSPIRED MOM SUMMIT BUYER,Women's Health & Community,10
Trauma Recovery VIP Buyer SM,Mental & Emotional Well-being,10
Advertiser #29,Digital Marketing & Content Creation Skills,1
legacy-user,To Be Classified,0
Advertiser #19,Digital Marketing & Content Creation Skills,1
Systems & Marketing Summit VIP Buyer,Entrepreneurship & Business Development,10
Republic Magazine Newsletter,To Be Classified,0
Free TerraShield Essential Oil,Holistic Wellness & Natural Living,2
bug out seed kit,Self-Reliance & Preparedness,10
2024 FB RL TRS Buyer,To Be Classified,0
2024 SLF RL VIP Buyer,To Be Classified,0
UHCS 2019 Buyer Refund/Chargeback,Targeted Health Solutions & Disease Management,10
doTERRA Detox Webinar Attendee,Holistic Wellness & Natural Living,5
Advertiser #25,Digital Marketing & Content Creation Skills,1
CombatBlueprint Buyer,To Be Classified,0
Blood Sugar Freedom VIP Buyer,Targeted Health Solutions & Disease Management,10
Advertiser #18,Digital Marketing & Content Creation Skills,1
Advertiser #21,Digital Marketing & Content Creation Skills,1
New Summit Host,To Be Classified,0
Advertiser #23,Digital Marketing & Content Creation Skills,1
Acquisition Summit JV,Entrepreneurship & Business Development,3
Write Killer Copy Fast BONUS Buyer (2024),To Be Classified,0
Advertiser #30,Digital Marketing & Content Creation Skills,1
Seed Order Single,To Be Classified,0
Writer,To Be Classified,0
SM2020 SUMMIT REGISTRATION,To Be Classified,0
SM Digital Member,To Be Classified,0
Mental Wellness Summit Speaker,Entrepreneurship & Business Development,3
AIO Certification Buyer,To Be Classified,0
Energy Blueprint VIP Buyer,Holistic Wellness & Natural Living,10
EMFHMB EPF Buyer,Holistic Wellness & Natural Living,10
Growth Hacking Summit VIP Buyer,Digital Marketing & Content Creation Skills,10
April 2024 AI Mastery Buyer FB,Digital Marketing & Content Creation Skills,10
Advertiser #27,Digital Marketing & Content Creation Skills,1
2025 Common Sense Buyer,To Be Classified,0
detox webinar,To Be Classified,0
2024 BTS VIP,To Be Classified,0
Advertiser #22,Digital Marketing & Content Creation Skills,1
OG-Beginner Level 2,To Be Classified,0
SpeakerFest JV Affiliate,Digital Marketing & Content Creation Skills,3
360 Summits JV New Signup,To Be Classified,0
July 2024 RL SLS Registrant,Entrepreneurship & Business Development,5
Survivalist MONTHLY,Self-Reliance & Preparedness,1
ONTRAPORT_Collections at Migration,To Be Classified,0
Advertiser #15,Digital Marketing & Content Creation Skills,1
SM2020 Opened Survey Email,To Be Classified,0
OG-Intermediate,To Be Classified,0
Six Figure Buyer (FB),Entrepreneurship & Business Development,10
Advertiser #24,Digital Marketing & Content Creation Skills,1
OPS 2021 BT Headset Upgrade Failed,To Be Classified,0
Energy Blueprint September JV,Holistic Wellness & Natural Living,3
Future Of Crypto Buyer,"Investing, Finance & Wealth Creation",10
Mastermind June 6,Entrepreneurship & Business Development,1
2025 Common Sense JV,To Be Classified,0
Save My Thyroid JV 0508,Targeted Health Solutions & Disease Management,3
7-Figure Chiropractor JV,Entrepreneurship & Business Development,3
UHCS 2019 Registrant - Ultimate Health Coaching Summit 2019,Targeted Health Solutions & Disease Management,5
One Hour Cash Machine Buyer,To Be Classified,0
Delete Me,To Be Classified,0
BOOK: GREENHOUSE,To Be Classified,0
doTERRA Builder,Holistic Wellness & Natural Living,1
IMS JV 2021 (Nov),To Be Classified,0
APR MASTERMIND ATTENDEE,Entrepreneurship & Business Development,5
For Networking,Entrepreneurship & Business Development,1
IMS October 2021 Registrant,To Be Classified,0
Nonfiction Secrets JV,Digital Marketing & Content Creation Skills,3
2022 Hero Registration,To Be Classified,0
Holistic Sleep REG 0508,Holistic Wellness & Natural Living,1
Survival Still,Self-Reliance & Preparedness,1
Home Essential Kit,Holistic Wellness & Natural Living,10
doTERRA HE Kit Order,Holistic Wellness & Natural Living,10
Paid Media Summit VIP Buyer,Digital Marketing & Content Creation Skills,10
2021 GCS Attendee,Targeted Health Solutions & Disease Management,5
Paid Media Attendee,Digital Marketing & Content Creation Skills,5
Common Sense REG 0424,Targeted Health Solutions & Disease Management,1
(FB) HVWS Interested,To Be Classified,0
Super List Challenge,To Be Classified,0
Pod Parrot Podcast Appointment,To Be Classified,0
Patriot Newsletter,Self-Reliance & Preparedness,2
SM2020 SUMMIT JV,Entrepreneurship & Business Development,3
10k in 10 Days Group,To Be Classified,0
Leon Contact,To Be Classified,0
Sun Oven,To Be Classified,0
2023 BTS VIP,To Be Classified,0
Mastermind June 10,Entrepreneurship & Business Development,1
EO Book: Basil,To Be Classified,0
OILS CLASS HEK ORDER,To Be Classified,0
HEK UPGRADE,To Be Classified,0
SLEEP ACCELERATOR BUYER,Holistic Wellness & Natural Living,10
2024 RL Holistic Sleep VIP Buyer,Holistic Wellness & Natural Living,10
doTERRA Exclude for Email,Holistic Wellness & Natural Living,1
Free Melaleuca Oil,To Be Classified,0
Survivalist Webinars,Self-Reliance & Preparedness,1
Survival Water System,Self-Reliance & Preparedness,1
water report,To Be Classified,0
WEBINAR REG ATHLETES PERFORMANCE,To Be Classified,0
Survivalist LIFETIME,Self-Reliance & Preparedness,1
Online Summit System Buyer,Entrepreneurship & Business Development,10
Advertiser #31,Digital Marketing & Content Creation Skills,1
Mastermind Official Member,Entrepreneurship & Business Development,10
Mastering High Ticket Attendee,To Be Classified,0
HSS Presenter,To Be Classified,0
2024 Arise & Unwind Order Bump Buyer,To Be Classified,0
Potential Summit Host,To Be Classified,0
EMF OTO 1 August 2024 Buyer,Holistic Wellness & Natural Living,10
Killer Offer Creation Buyer,To Be Classified,0
doTERRA Detox Webinar Non Buyer,Holistic Wellness & Natural Living,10
webinar,To Be Classified,0
Survivalist Affiliate,Self-Reliance & Preparedness,3
Combat Blueprint Upsell NO,To Be Classified,0
Survivalist $7.99,Self-Reliance & Preparedness,1
One Diet 4 Life BOOK Buyer,"Fitness, Nutrition & Weight Management",10
HCMS 2023 Registrant,To Be Classified,0
D.A.P. VIP Buyer,To Be Classified,0
2024 Energy Blueprint VIP Buyer,Holistic Wellness & Natural Living,10
Long Covid Masterclass JV,Mental & Emotional Well-being,5
Paid Media Internal Summit JV,Digital Marketing & Content Creation Skills,3
Yoga (YouTube) Attendee,Holistic Wellness & Natural Living,5
Common Sense VIP 0424,To Be Classified,0
Holistic Sleep VIP 0508,Holistic Wellness & Natural Living,10
Energy Blueprint VIP 0408,Holistic Wellness & Natural Living,10
Survivalist Renewal Offered,Self-Reliance & Preparedness,1
UVPaqlite Small Kit,To Be Classified,0
Survivalist Renewal Accepted,Self-Reliance & Preparedness,1
Survivalist TRIAL,Self-Reliance & Preparedness,1
Paid Media Summit Attendee (Dec 2024),Digital Marketing & Content Creation Skills,5
2022 Keto VIP Buyer,"Fitness, Nutrition & Weight Management",10
Patriot Newsletter Gp2,Self-Reliance & Preparedness,2
Advertiser #32,Digital Marketing & Content Creation Skills,1
Advertiser #33,Digital Marketing & Content Creation Skills,1
HERO SUMMIT JV,Entrepreneurship & Business Development,3
HERO Summit Speaker,Entrepreneurship & Business Development,3
SUMMIT: Healthy Pregnancy,Women's Health & Community,1
LONGEVITY H.A.S. JV,Longevity & Regenerative Health,3
2023 TRS FREE REGISTRANT,To Be Classified,0
Trauma Recovery Attendee (FB),Mental & Emotional Well-being,5
Breathwork Blueprint Legend Buyer,Mental & Emotional Well-being,10
Frequent Flyer Magazine,To Be Classified,0
D.A.P. JV,To Be Classified,0
IG BUYER,To Be Classified,0
S&M Launch Kit Buyer,To Be Classified,0
Free Lemon Oil,To Be Classified,0
Shatter The Stereotypes Summit VIP Buyer,To Be Classified,0
CoachingFEST VIP Buyer,Entrepreneurship & Business Development,10
UVPaqlite Large Kit,To Be Classified,0
Arctic Filters Platinum Pack (6),To Be Classified,0
OG-Intermediate Level 2,To Be Classified,0
ECOM360 SUMMIT REGISTRATION,To Be Classified,0
Family Physician Kit,To Be Classified,0
SEPT 22 PUB VIP BUYER,To Be Classified,0
2020 EO SUMMIT AFFILIATE,Holistic Wellness & Natural Living,3
Productivity Summit Attendee,To Be Classified,0
BTC Summit VIP BUYER,To Be Classified,0
HSS 2022 October JV,To Be Classified,0
HVR 2023 Buyer,To Be Classified,0
HVR 2022 Summit VIP Pass,To Be Classified,0
Survivalist Summit JV,Self-Reliance & Preparedness,3
Growth Hacking Summit JV,Digital Marketing & Content Creation Skills,3
Slim Down Conference JV,"Fitness, Nutrition & Weight Management",3
Webinar Workshop Summit JV,Digital Marketing & Content Creation Skills,3
OSS Lead,To Be Classified,0
Breathwork Lifestyle Core Offer Buyer,Mental & Emotional Well-being,10
Webinar Workshop Buyer FB,Digital Marketing & Content Creation Skills,10
Webinar Workshop 9.97,Digital Marketing & Content Creation Skills,1
Traffic Trifecta Buyer,To Be Classified,0
SOP Frameworks Buyer,To Be Classified,0
CoachingFEST JV,Entrepreneurship & Business Development,3
Shattering Black Male Stereotype Bump Buyer,To Be Classified,0
Camp Fema,Self-Reliance & Preparedness,1
Heirloom Seed Kit Single Can $99,To Be Classified,0
Sept doTERRA Promo,Holistic Wellness & Natural Living,1
Writer Application,To Be Classified,0
Survival Water System Registered,Self-Reliance & Preparedness,1
Survivalist Contact,Self-Reliance & Preparedness,1
SpeakerFest - SpeakerTunity Members Only - Silver 6 Months,Digital Marketing & Content Creation Skills,1
2021-6 KBS Buyer (FB),Digital Marketing & Content Creation Skills,10
Green Plant Summit VIP Pass,To Be Classified,0
2024 SLS RL JV,To Be Classified,0
2024 SLF RL OTO Buyer,To Be Classified,0
Recipe Book: Beef Brisket,To Be Classified,0
EO Book: Black Pepper,To Be Classified,0
Patriot Newsletter EM Group 3 of 5,Self-Reliance & Preparedness,2
Recipe Book: Ramen Noodle,To Be Classified,0
SUMMIT: EO BUYER,To Be Classified,0
Freedom Summit Insiders List,To Be Classified,0
2021 DBHW VIP,To Be Classified,0
WCKF Toolkit,To Be Classified,0
Acquisition Attendee,To Be Classified,0
Six Figure MasterClass JV,Entrepreneurship & Business Development,5
21-Day Spice Yourself Skinny Buyer,To Be Classified,0
Tiny Changes&#44,To Be Classified,0
BIG Weight Loss Buyer,"Fitness, Nutrition & Weight Management",10
Paid Media JV,Digital Marketing & Content Creation Skills,3
SM3 mail,To Be Classified,0
SAVE MY THYROID ACCELERATOR Buyer,Targeted Health Solutions & Disease Management,10
Patriot Newsletter Gp1,Self-Reliance & Preparedness,2
Patriot Newsletter EM Group 1 of 5,Self-Reliance & Preparedness,2
General Question,To Be Classified,0
Bug Out Bag Webinar Registration,Self-Reliance & Preparedness,5
Arctic FiIters Gold Pack (3),To Be Classified,0
Survival Still Webinar Registration,Self-Reliance & Preparedness,5
OP: Yahoo missed send 8/22/2016,To Be Classified,0
2024 Yoga Summit JV,Entrepreneurship & Business Development,3
2024 Relationship Rescue Workbook,Mental & Emotional Well-being,1
MastermindPlus Gold,Entrepreneurship & Business Development,1
Patriot Newsletter EM Group 2 of 5,Self-Reliance & Preparedness,2
Advertiser #34,Digital Marketing & Content Creation Skills,1
Advertiser #35,Digital Marketing & Content Creation Skills,1
Advertiser #36,Digital Marketing & Content Creation Skills,1
Advertiser #37,Digital Marketing & Content Creation Skills,1
Advertiser #38,Digital Marketing & Content Creation Skills,1
CEMPROTEC 33 EMF Meter Buyer,Holistic Wellness & Natural Living,10
EMFHMB CEM33 Buyer,Holistic Wellness & Natural Living,10
July 2024 RL SLS VIP Buyer,Entrepreneurship & Business Development,10
Shatter The Stereotypes JV,To Be Classified,0
HSS SUMMIT REFUND,Targeted Health Solutions & Disease Management,1
GUWYSW,To Be Classified,0
0-ValueSequence,To Be Classified,0
BOOK: 4th of July Recipes,To Be Classified,0
MastermindPlus Silver,Entrepreneurship & Business Development,1
Website Upgrade HCS Summit,To Be Classified,0
2024 Yoga Summit Upsell Buyer,Holistic Wellness & Natural Living,10
Yoga Summit $7 Buyer,Holistic Wellness & Natural Living,10
Yoga Summit $17 Pkg Buyer,Holistic Wellness & Natural Living,10
HSS SUMMIT REGISTRATION,Targeted Health Solutions & Disease Management,5
HSS (FB) Registration,Targeted Health Solutions & Disease Management,5
Mastermind June 15,Entrepreneurship & Business Development,1
THYROID BOOTCAMP Buyer,Targeted Health Solutions & Disease Management,10
Save My Thyroid REG 0508,Targeted Health Solutions & Disease Management,1
MFS VIP Buyer,To Be Classified,0
2022 Keto Affiliate,"Fitness, Nutrition & Weight Management",3
Affiliate Marketing Mastermind,Entrepreneurship & Business Development,3
Fitness Mastery Summit Affiliate,"Fitness, Nutrition & Weight Management",3
FFM Segment 4,To Be Classified,0
Nonfiction Secrets Upsell #1 Buyer,Digital Marketing & Content Creation Skills,10
EMF Registration,Holistic Wellness & Natural Living,5
OPS 2021 BT Headset Upgrade,To Be Classified,0
FR-PrivateConsultation,To Be Classified,0
Lead Generation Super Summit VIP Buyer,Digital Marketing & Content Creation Skills,10
SpeakerFest - SpeakerTunity Members Only - Gold 6 Months,Digital Marketing & Content Creation Skills,1
emailtest,To Be Classified,0
Relationship Rescue 3 Day Challenge,Mental & Emotional Well-being,1
Copywriting Summit JV,Digital Marketing & Content Creation Skills,3
Energy Blueprint JV,Holistic Wellness & Natural Living,3
Customers For Life Program Buyer,To Be Classified,0
Acquisition Summit Buyer,To Be Classified,0
FFM Segment 2,To Be Classified,0
FFM Segment 5,To Be Classified,0
CombatBlueprint Failed,To Be Classified,0
Paid Media Masterclass JV,Digital Marketing & Content Creation Skills,5
MastermindPLUS Strategy Session App,Entrepreneurship & Business Development,1
Online Summit System Partner,Entrepreneurship & Business Development,3
Dr. Melissa Subscriber,To Be Classified,0
Weight Loss Affiliate,"Fitness, Nutrition & Weight Management",3
Eblast,To Be Classified,0
Advertising Question,Digital Marketing & Content Creation Skills,1
Ditigal Subscription Problem,To Be Classified,0
Platinum Pass $17 Promo Upgrade,To Be Classified,0
Mastermind w/ res fee,Entrepreneurship & Business Development,1
Premium Essential Oils Kit,Holistic Wellness & Natural Living,10
doTERRA EOK UPGRADE YES,Holistic Wellness & Natural Living,1
OILS CLASS FEK ORDER,To Be Classified,0
OILS CLASS OEK ORDER,To Be Classified,0
EOK UPGRADE,To Be Classified,0
FFM Segment 1,To Be Classified,0
(FB) HVWS JV,To Be Classified,0
DOG SUMMIT JV,Targeted Health Solutions & Disease Management,3
RSVP,To Be Classified,0
OP Engineering says: Suspected Spam,To Be Classified,0
HCMS 2023 JV,To Be Classified,0
100+ Summit Opt-Ins,To Be Classified,0
Keto Summit Speaker,"Fitness, Nutrition & Weight Management",3
